Media URL,Pinterest board,Title,Description,Link,Publish date,Keywords,Alt text
https://raw.githubusercontent.com/sahneo/neobjects-assets/main/p7_01.png,AirPods 4 Bubble Case,The Ultimate Spring Tote Accessory 🌸,"Elevate your spring tote with the 'Bubble' AirPods 4 case. 👜 Clipped securely with a silver carabiner, it’s the perfect blend of functional tech and seasonal style. 3D-printed matte finish that feels as premium as your favorite linen bag.",https://neobjects.etsy.com?v=1774453894,2026-03-25 17:51:35,"Spring Outfit Ideas, AirPods 4 Case, Pinterest Trends, Fashion Accessories, Tote Bag Aesthetic, Streetwear Style, Clean Girl, Pastel Aesthetic, 3D Printed, Minimalist Design, Gift for Her, Tech EDC, Spring 2026, Carabiner Case",AirPods 4 Bubble Case - The Ultimate Spring Tote Accessory 🌸
https://raw.githubusercontent.com/sahneo/neobjects-assets/main/p7_02.png,AirPods 4 Bubble Case,Street Style Essential: The Bubble Case 👖,"Clip it and go. ✨ Our Peach 'Bubble' case for AirPods 4 is the ultimate streetwear accessory for spring. Securely attached to your belt loop, it keeps your music within reach while adding a sculptural pop of color to your denim look.",https://neobjects.etsy.com?v=1774453907,2026-03-25 17:51:47,"Spring Outfit Ideas, AirPods 4 Case, Pinterest Trends, Fashion Accessories, Tote Bag Aesthetic, Streetwear Style, Clean Girl, Pastel Aesthetic, 3D Printed, Minimalist Design, Gift for Her, Tech EDC, Spring 2026, Carabiner Case",AirPods 4 Bubble Case - Street Style Essential: The Bubble Case 👖
https://raw.githubusercontent.com/sahneo/neobjects-assets/main/p7_03.png,AirPods 4 Bubble Case,Spring Essentials: Mint & Florals 🌿,Curate your spring vibe. ☁️ The Mint Green 'Bubble' case is the perfect pastel companion for your seasonal rotation. Architecturally designed and 3D-printed for a unique matte texture that stands out in any flatlay.,https://neobjects.etsy.com?v=1774453916,2026-03-25 17:51:57,"Spring Outfit Ideas, AirPods 4 Case, Pinterest Trends, Fashion Accessories, Tote Bag Aesthetic, Streetwear Style, Clean Girl, Pastel Aesthetic, 3D Printed, Minimalist Design, Gift for Her, Tech EDC, Spring 2026, Carabiner Case",AirPods 4 Bubble Case - Spring Essentials: Mint & Florals 🌿
https://raw.githubusercontent.com/sahneo/neobjects-assets/main/p7_04.png,AirPods 4 Bubble Case,Matcha & Lavender: Spring Morning Vibes 🍵,"Your morning coffee's new best friend. 💜 The Lavender 'Bubble' case for AirPods 4 brings a touch of parametric art to your cafe setup. Minimalist, protective, and perfectly sized for your smallest spring handbag.",https://neobjects.etsy.com?v=1774453931,2026-03-25 17:52:11,"Spring Outfit Ideas, AirPods 4 Case, Pinterest Trends, Fashion Accessories, Tote Bag Aesthetic, Streetwear Style, Clean Girl, Pastel Aesthetic, 3D Printed, Minimalist Design, Gift for Her, Tech EDC, Spring 2026, Carabiner Case",AirPods 4 Bubble Case - Matcha & Lavender: Spring Morning Vibes 🍵
https://raw.githubusercontent.com/sahneo/neobjects-assets/main/p7_05.png,AirPods 4 Bubble Case,The Sophisticated Spring Layer 🧥,"Tech that fits the aesthetic. 🕊️ Our Olive Green 'Bubble' case is the perfect understated accessory for your spring trench coat. Securely clipped or tucked away, the nanosuction lid ensures your AirPods 4 stay put through every transit.",https://neobjects.etsy.com?v=1774453939,2026-03-25 17:52:20,"Spring Outfit Ideas, AirPods 4 Case, Pinterest Trends, Fashion Accessories, Tote Bag Aesthetic, Streetwear Style, Clean Girl, Pastel Aesthetic, 3D Printed, Minimalist Design, Gift for Her, Tech EDC, Spring 2026, Carabiner Case",AirPods 4 Bubble Case - The Sophisticated Spring Layer 🧥
https://raw.githubusercontent.com/sahneo/neobjects-assets/main/p7_06.png,AirPods 4 Bubble Case,Picnic Ready: The Sky Blue Bubble Case 🧺,"Complete your picnic look. 🦋 The Sky Blue 'Bubble' case adds a touch of modern design to your romantic spring outfits. Lightweight, durable, and easily clipped to any bag for hands-free adventure.",https://neobjects.etsy.com?v=1774453949,2026-03-25 17:52:30,"Spring Outfit Ideas, AirPods 4 Case, Pinterest Trends, Fashion Accessories, Tote Bag Aesthetic, Streetwear Style, Clean Girl, Pastel Aesthetic, 3D Printed, Minimalist Design, Gift for Her, Tech EDC, Spring 2026, Carabiner Case",AirPods 4 Bubble Case - Picnic Ready: The Sky Blue Bubble Case 🧺
https://raw.githubusercontent.com/sahneo/neobjects-assets/main/p7_07.png,AirPods 4 Bubble Case,Neon Accents for Your Spring Run ⚡,"High-visibility style. 🏃‍♀️ The Acid Yellow 'Bubble' case is the ultimate pop of color for your spring athleisure. Securely clipped for your morning run or city commute, it’s tech that moves with you.",https://neobjects.etsy.com?v=1774453959,2026-03-25 17:52:40,"Spring Outfit Ideas, AirPods 4 Case, Pinterest Trends, Fashion Accessories, Tote Bag Aesthetic, Streetwear Style, Clean Girl, Pastel Aesthetic, 3D Printed, Minimalist Design, Gift for Her, Tech EDC, Spring 2026, Carabiner Case",AirPods 4 Bubble Case - Neon Accents for Your Spring Run ⚡
https://raw.githubusercontent.com/sahneo/neobjects-assets/main/p7_08.png,AirPods 4 Bubble Case,Minimalist Spring: The Sand Bubble Case 🏖️,"Effortless style for the minimalist. ☁️ Our Sand 'Bubble' case for AirPods 4 blends seamlessly into your spring linen wardrobe. 3D-printed with a matte, ceramic-like finish that feels as good as it looks.",https://neobjects.etsy.com?v=1774453972,2026-03-25 17:52:53,"Spring Outfit Ideas, AirPods 4 Case, Pinterest Trends, Fashion Accessories, Tote Bag Aesthetic, Streetwear Style, Clean Girl, Pastel Aesthetic, 3D Printed, Minimalist Design, Gift for Her, Tech EDC, Spring 2026, Carabiner Case",AirPods 4 Bubble Case - Minimalist Spring: The Sand Bubble Case 🏖️
https://raw.githubusercontent.com/sahneo/neobjects-assets/main/p7_09.png,AirPods 4 Bubble Case,Spring Hiking Gear: The Sage Case 🌲,"Adventure-ready protection. 🥾 The Sage Green 'Bubble' case is built for the trail. Our secure nanosuction lid keeps your AirPods 4 safe, while the carabiner ensures they’re always accessible on your pack.",https://neobjects.etsy.com?v=1774453982,2026-03-25 17:53:02,"Spring Outfit Ideas, AirPods 4 Case, Pinterest Trends, Fashion Accessories, Tote Bag Aesthetic, Streetwear Style, Clean Girl, Pastel Aesthetic, 3D Printed, Minimalist Design, Gift for Her, Tech EDC, Spring 2026, Carabiner Case",AirPods 4 Bubble Case - Spring Hiking Gear: The Sage Case 🌲
https://raw.githubusercontent.com/sahneo/neobjects-assets/main/p7_10.png,AirPods 4 Bubble Case,Spring Break Ready: Coral Bubbles ☀️,Brighten up your tech. 🌊 The Coral 'Bubble' case is the perfect vibrant accessory for your spring break getaway. Unique 3D-printed geometry that handles the heat and the hustle of travel.,https://neobjects.etsy.com?v=1774453991,2026-03-25 17:53:11,"Spring Outfit Ideas, AirPods 4 Case, Pinterest Trends, Fashion Accessories, Tote Bag Aesthetic, Streetwear Style, Clean Girl, Pastel Aesthetic, 3D Printed, Minimalist Design, Gift for Her, Tech EDC, Spring 2026, Carabiner Case",AirPods 4 Bubble Case - Spring Break Ready: Coral Bubbles ☀️
https://raw.githubusercontent.com/sahneo/neobjects-assets/main/p7_11.png,AirPods 4 Bubble Case,Never Lose Your AirPods Again 🔑,"Functional organization. 📁 Clip your 'Bubble' case to your tote's internal leash for instant access. No more digging through your bag—just sleek, 3D-printed protection that’s always where you left it.",https://neobjects.etsy.com?v=1774454001,2026-03-25 17:53:21,"Spring Outfit Ideas, AirPods 4 Case, Pinterest Trends, Fashion Accessories, Tote Bag Aesthetic, Streetwear Style, Clean Girl, Pastel Aesthetic, 3D Printed, Minimalist Design, Gift for Her, Tech EDC, Spring 2026, Carabiner Case",AirPods 4 Bubble Case - Never Lose Your AirPods Again 🔑
https://raw.githubusercontent.com/sahneo/neobjects-assets/main/p7_12.png,AirPods 4 Bubble Case,The Denim Companion 🧵,"Classic textures, modern design. 👖 The Olive Green 'Bubble' case is the perfect rugged accessory for your denim jacket. Secure, stylish, and built to last through every spring outing.",https://neobjects.etsy.com?v=1774454010,2026-03-25 17:53:30,"Spring Outfit Ideas, AirPods 4 Case, Pinterest Trends, Fashion Accessories, Tote Bag Aesthetic, Streetwear Style, Clean Girl, Pastel Aesthetic, 3D Printed, Minimalist Design, Gift for Her, Tech EDC, Spring 2026, Carabiner Case",AirPods 4 Bubble Case - The Denim Companion 🧵
https://raw.githubusercontent.com/sahneo/neobjects-assets/main/p7_13.png,AirPods 4 Bubble Case,Fresh Florals & Bubble Cases 🌷,The perfect spring pairing. ✨ Our Peach 'Bubble' case complements the season's brightest blooms. Gift it to yourself or a friend as the ultimate aesthetic tech upgrade.,https://neobjects.etsy.com?v=1774454019,2026-03-25 17:53:40,"Spring Outfit Ideas, AirPods 4 Case, Pinterest Trends, Fashion Accessories, Tote Bag Aesthetic, Streetwear Style, Clean Girl, Pastel Aesthetic, 3D Printed, Minimalist Design, Gift for Her, Tech EDC, Spring 2026, Carabiner Case",AirPods 4 Bubble Case - Fresh Florals & Bubble Cases 🌷
https://raw.githubusercontent.com/sahneo/neobjects-assets/main/p7_14.png,AirPods 4 Bubble Case,Move Freely: The Carabiner Case 🚶‍♂️,"Hands-free freedom. ⛓️ Our Charcoal 'Bubble' case features a dedicated keyring loop for your favorite carabiner. Secure, sculptural protection that moves with your lifestyle.",https://neobjects.etsy.com?v=1774454032,2026-03-25 17:53:52,"Spring Outfit Ideas, AirPods 4 Case, Pinterest Trends, Fashion Accessories, Tote Bag Aesthetic, Streetwear Style, Clean Girl, Pastel Aesthetic, 3D Printed, Minimalist Design, Gift for Her, Tech EDC, Spring 2026, Carabiner Case",AirPods 4 Bubble Case - Move Freely: The Carabiner Case 🚶‍♂️
https://raw.githubusercontent.com/sahneo/neobjects-assets/main/p7_15.png,AirPods 4 Bubble Case,Spring Workspace Goals 💻,"Upgrade your remote setup. ☕ The Navy 'Bubble' case for AirPods 4 is the professional’s choice for spring. Sleek, matte, and architecturally stunning on any workspace table.",https://neobjects.etsy.com?v=1774454041,2026-03-25 17:54:01,"Spring Outfit Ideas, AirPods 4 Case, Pinterest Trends, Fashion Accessories, Tote Bag Aesthetic, Streetwear Style, Clean Girl, Pastel Aesthetic, 3D Printed, Minimalist Design, Gift for Her, Tech EDC, Spring 2026, Carabiner Case",AirPods 4 Bubble Case - Spring Workspace Goals 💻
